title,duration_100(duration)
21,123
187,119
706,118
1920,143
1922,103
Oct-01,149
22-Jul,144
15-Aug,124
​​Kuch Bheege Alfaaz,110
​Goli Soda 2,128
​Maj Rati ​​Keteki,117
"#FriendButMarried",102
"#FriendButMarried 2",104
"#Roxy",105
"#Selfie",125
"#Selfie 69",119
Ég man þig,106
Òlòtūré,107
1 Mile to You,105
"10,000 B.C.",109
100 Meters,109
100% Halal,101
13TH,101
14 Blades,113
16 Blocks,102
17 Again,102
18 Presents,114
1898: Our Last Men in the Philippines,130
2 States,143
2015 Dream Concert,107
20th Century Women,119
2307: Winter's Dream,101
25 Kille,140
26 Years,135
28 Days,104
3 Days to Kill,117
3 Deewarein,121
3 Heroines,124
3 Idiots,164
365 Days,114
37 Seconds,116
4L,105
4th Republic,120
5 Cowok Jagoan,106
5CM,126
6 Underground,129
6-5=2,103
7 Din Mohabbat In,137
7 Khoon Maaf,148
90 ML,123
93 Days,121
A Bad Moms Christmas,104
A Beautiful Life,122
A Billion Colour Story,104
A Bridge Too Far,176
A California Christmas,107
A Choo,101
A Clockwork Orange,137
A Dangerous Woman,101
A Fall from Grace,121
A Family Affair,111
A Family Man,110
A Flying Jatt,142
A Fortunate Man,168
A Futile and Stupid Gesture,102
A Heavy Heart,109
A Little Chaos,113
A Love Story,117
A Monster Calls,108
A Most Violent Year,125
A Noble Intention,111
A Perfect Ending,110
A Scandall,108
A Second Chance,130
A Separation,123
A Serious Man,106
A Silent Voice,130
A Sun,156
A Thin Line Between Love & Hate,108
A Twelve Year Night,122
A Very Special Love,107
A Walk to Remember,102
A Wednesday,103
A Whisker Away,104
A Wrinkle in Time,110
A Yellow Bird,111
Aşk Tesadüfleri Sever,122
Aadu 2,150
Aagey Se Right,117
Aajcha Divas Majha,126
Aakhri Adaalat,148
Aalorukkam,122
Aapla Manus,133
Aarakshan,164
Aashayein,115
Aashik Awara,154
Aata Pita,133
Aaviri,110
Abby Sen,127
ABCD 2,146
ABCD: Any Body Can Dance,136
Abhinetri,131
About a Boy,101
About Time,123
Across the Universe,133
Act of Valor,110
Act of Vengeance,112
Action Replayy,129
Adú,120
Adhugo,105
Adore,111
After,106
After We Collided,105
Afterschool,107
Agneepath,174
Ahista Ahista,122
Aisa Yeh Jahaan,127
Aitraaz,153
Aiyaary,158
Aiyyaa,151
Ajab Prem Ki Ghazab Kahani,150
Ajji,105
AK vs AK,109
Ala Vaikunthapurramuloo,162
Alakada Reloaded,104
Albion: The Enchanted Stallion,106
Alejandro Sanz: What I Was Is What I Am,102
Alexandria ... Why?,131
Alexandria: Again and Forever,109
Ali & Alia,106
Ali Baba ve 7 Cüceler,115
Ali's Wedding,110
Alibaba Aur 40 Chor,147
Alice Doesn't Live Here Anymore,112
All About Nina,101
All Because of You,102
All Day and a Night,122
All of You,104
All The Bright Places,109
Alone in Berlin,103
Alone/Together,103
Along Came a Spider,103
Alt-Right: Age of Rage,106
Always Be My Maybe,112
Amandla! A Revolution in Four Part Harmony,103
Amar,104
Amar Akbar Anthony,172
Amar's Hands,125
American Assassin,112
American Beauty,122
American Circumcision,101
American Factory,110
American History X,119
American Honey,163
American Psycho,102
American Warfighter,106
Among Family,127
Amrapali,116
Amy,128
An Egyptian Story,129
An Evening with Beverly Luff Linn,108
Ana e Vitória,116
Anaamika,130
Anarkali of Aarah,111
Anchor and Hope,113
And Breathe Normally,102
Andaleeb El Dokki,106
Andaz Apna Apna,160
Andhadhun,137
Andhaghaaram,171
Andhakaaram,171
André & his olive tree,104
Angamaly Diaries,128
Angel Eyes,103
Angel Has Fallen,121
Angels & Demons,139
Anger Management,105
Angry Indian Goddesses,104
Angu Vaikuntapurathu (Malayalam),162
Ani... Dr. Kashinath Ghanekar,157
Animal Crackers,106
Animal World,130
Anjaan,146
Ankhon Dekhi,104
Ankur Arora Murder Case,127
Ant-Man and the Wasp,118
Antar: Son of Shadad,110
Anthony Kaun Hai?,122
Anwar,134
Apaharan,161
Apostle,130
April and the Extraordinary World,107
Arisan 2,113
Arthur,110
Article 15,125
Aruna & Her Palate,106
As Good as It Gets,139
Asees,123
Asoka,168
Asphalt Burning,101
Asura Guru,117
Asura: The City of Madness,133
Athlete A,104
Atlantics,106
Atlas Shrugged: Part II,112
ATM,122
Attacking the Devil: Harold Evans and the Last Nazi War Crime,102
Aurora,186
Automata,110
Avengers: Infinity War,150
Awe,111
Axone,101
Ayana,112
Azhar,129
B.A. Pass 2,126
Baadshaho,135
Baaghi,127
Baahubali 2: The Conclusion (Hindi Version),165
Baahubali 2: The Conclusion (Malayalam Version),166
Baahubali 2: The Conclusion (Tamil Version),166
Baahubali: The Beginning (English Version),138
Baahubali: The Beginning (Hindi Version),159
Baahubali: The Beginning (Malayalam Version),160
Baahubali: The Beginning (Tamil Version),159
Baazaar,136
Babam ve Oğlum,112
Babamın Ceketi,101
Babel,143
Baby Dolls,127
Back to the 90s,111
Backdraft 2,102
Bad Boys,119
Bad Boys II,147
Bad Genius,130
Bad Seeds,105
Badla,117
Badland,117
Balu Mahi,149
Bana Masal Anlatma,103
Banana Island Ghost,108
Bandie,141
Bang Rajan 2,122
Bangistan,134
Bangkok Hell,107
Bangkok Traffic (Love) Story,126
Barça Dreams,122
Barbecue,101
Barbra: The Music ... The Mem'ries ... The Magic!,109
Barcelona: A Love Untold,132
Bareilly Ki Barfi,110
Barfi!,144
Barry,105
Barsaat,166
BASEketball,103
Basic Instinct,128
Bathinda Express,118
Bawarchi,125
Bayonet,102
Bazaar,121
Bbuddah Hoga Terra Baap,116
Be Here Now,110
Beasts of No Nation,137
Beats,110
Beauty and the Bestie,119
Becoming Jane,121
"Behind \"The Cove\": The Quiet Japanese Speak Out",105
Beiimaan Love,115
Being Mrs Elliot,113
Beirut Oh Beirut,106
Belgica,127
Bending the Arc,102
Berlin Calling,105
Berlin Syndrome,116
"Berlin, I Love You",120
Berserk: The Golden Age Arc III - The Advent,107
Betting on Zero,104
Between Maybes,108
Bewafaa,149
Bewildered Bolbol,112
Beynelmilel,102
Beyond Skyline,107
Beyond the Clouds,120
Bhagam Bhag,151
Bhai: Vyakti Ki Valli - Poorvardha,116
Bhai: Vyakti Ki Valli - Uttarardh,112
Bhaji In Problem,117
Bhangra Paa Le,130
Bhavesh Joshi Superhero,150
Bheeshma,138
Bhool Bhulaiyaa,148
Bhoot,114
Bhouri,123
Bibi & Tina II,105
Bibi & Tina: Girls Versus Boys,107
Bibi & Tina: Tohuwabohu Total,106
Big Kill,126
Big Miracle,107
Big Stone Gap,103
Biggie & Tupac,108
Billu,132
Billy Elliot,110
Bilu Rakkhosh,127
Bioscope,131
Bir Baba Hindu,107
Bird Box,124
Birdshot,115
Bitcoin Heist,116
Bittersweet,132
Bittoo Boss,117
Black,137
Black Friday,162
Black Hawk Down,144
Black Mirror: Bandersnatch,312
Black Panther,135
Black Sea,114
Black Snake Moan,116
BLAME!,106
Blaze,129
Bleed for This,120
Blind Detective,130
Blitz Patrollie,102
Blood Money,110
Blood Will Tell,113
Blow,123
Blue Is the Warmest Color,180
Blue Valentine,112
BluffMaster!,129
BNK48: Girls Don't Cry,108
Bobby,168
Bobby Jasoos,116
Bobby Sands: 66 Days,106
Bodyguard,130
Bogda,161
Boi,111
Bollywood Calling,102
Bombairiya,108
Bombay Talkies,123
Bon Cop Bad Cop 2,126
"Bon Cop, Bad Cop",117
Bonnie and Clyde,111
Boss,139
Bosta,112
Boy Missing,105
Bratz: The Movie,102
Break Ke Baad,108
Break Up 100,105
Breaking the Bank,105
Breath,116
Brick,110
Bride For Rent,110
Bright,118
Brooklyn's Finest,133
Brother in Love,110
Brotherhood of Blades II: The Infernal Battlefield,120
Brothers,155
Bucket List,129
Budapest,103
Buddies,103
Buffalo Boys,103
Burlesque,119
Burn Out,104
Burning,148
Burning Sands,102
Butterfield 8,108
BuyBust,128
Bwakaw,110
By the Sea,122
Bye Bye London,177
Bygones Be Bygones,104
Bypass Road,135
C Kkompany,127
Cézanne et moi,114
Cahaya Dari Timur Beta Maluku,151
Cake,125
Calendar Girls,126
Calibre,101
Camarón: The Film,105
Camera Store,104
Camp Cool Kids,104
Camp X-Ray,117
Can't Hardly Wait,101
Can't Help Falling in Love,120
Can’t Complain,114
Candyflip,104
Capital in the Twenty-First Century,103
Cappuccino,126
Carbon,104
Care of Kancharapalem,142
Caregiver,131
Cargo,113
Carol,119
Case 39,111
Casino Royale,145
Casino Tycoon,125
Casino Tycoon 2,108
Cat on a Hot Tin Roof,108
Catch Me If You Can,141
Catching Feelings,117
Celebrity Marriage,107
Celluloid Man,156
Cemara's Family,110
Center Stage,116
Chaahat,148
Chaar Sahibzaade,126
Chadi Jawani Budhe Nu,135
Chal Bhaag,110
Chal Dhar Pakad,129
Chal Mere Bhai,132
Chalay Thay Saath,118
Chalte Chalte,166
Chaman Bahaar,112
Chamatkar,164
Chameli,102
Chance Pe Dance,121
Chappaquiddick,106
Chappie,121
Charlie and the Chocolate Factory,115
Charlie's Angels: Full Throttle,106
Chashme Baddoor,121
Chashme Buddoor,121
Chasing Amy,113
Chasing the Dragon,129
Chatô: The King of Brazil,105
Chauthi Koot,116
Chef,115
Chennai Express,135
Chhota Bheem Kungfu Dhamaka,112
Chicken Kokkachi,113
Children of the Sea,112
Chillar Party,127
China Salesman,111
Chittagong,105
Chitty Chitty Bang Bang,146
Choked: Paisa Bolta Hai,114
Chopsticks,101
Christine,119
Christmas Crossfire,106
Christmas in the Heartland,112
Christmas Inheritance,105
Christmas Survival,101
Christopher Robin,104
Chronicle of an Escape,104
Chup Chup Ke,158
Chupan Chupai,118
Chupke Chupke,127
CIA: Comrade in America,130
Cinar Agaci,115
Cirque du Freak: The Vampire's Assistant,109
Citation,151
Cities of Last Things,106
City of God,130
City of Tiny Lights,110
Clair Obscur,102
Clash of the Titans,106
Class Rank,103
Click,108
Clinical,104
Clive Davis: The Soundtrack of Our Lives,124
Close Enemies,112
Cloud Atlas,172
Clouds of Sils Maria,124
Coach Carter,137
Coffee with D,120
Colkatay Columbus,118
Colonia,110
Colours of Passion,114
Come and Find Me,112
Come Sunday,105
Como caído del cielo,117
Company,137
Conjuring Spirit,112
Consequences,106
Consequences ,106
Contract,116
Cool Hand Luke,127
Coraline,101
Couple of Days,103
Crash,112
Crazy Awesome Teachers,102
Crazy Beautiful You,114
Crazy people,107
CRD,110
Crip Camp: A Disability Revolution,108
"Crouching Tiger, Hidden Dragon",120
"Crouching Tiger, Hidden Dragon: Sword of Destiny",101
Cuba and the Cameraman,114
Düğün Dernek,102
Dügün Dernek 2: Sünnet,107
Da 5 Bloods,156
Daagdi Chaawl,118
Dabbe 5: Zehr-i Cin,133
Dabbe 6: The Return,153
Dabbe: The Possession,135
Dad,117
Dad Wanted,103
Daemonium,115
Daffedar,151
Dagh Ujala,103
Dallas Buyers Club,117
Dangal,161
Danny Says,103
Dante's Peak,108
Dany Boon: Des Hauts De France,113
Dark Places,113
Dark Waters,104
Darna Mana Hai,116
Darra,121
Daughters of the Dust,112
David Foster: Off the Record,107
De Palma,110
Dear Zindagi,149
Death Race: Beyond Anarchy,111
Dedemin Fisi,101
Dedh Ishqiya,146
Deewana Main Deewana,107
Deewangee,156
Defiance,137
Delhi 6,128
Delhi Belly,101
Deliha,102
Deliha 2,102
Den of Thieves,140
Desperados,107
Destiny,136
Dev.D,137
Devil's Bride,108
Devrai,123
Dhamaal,128
Dhan Dhana Dhan Goal,157
Dhanak,114
Dharam Sankat Mein,127
Dhh,127
Dhobi Ghat (Mumbai Diaries),102
Dhoondte Reh Jaoge,124
Di Renjie zhi Sidatianwang,132
Diamonds in the Sky,113
Diana: In Her Own Words,113
Die Another Day,133
Dil,165
Dil Chahta Hai,185
Dil Dhadakne Do,174
Dil Hai Tumhaara,176
Dil Se,166
Dil Vil Pyaar Vyaar,145
Dilan 1990,109
Dilan 1991,118
Dilwale,154
Dinner for Schmucks,115
Disclosure,108
Disco Dancer,134
Disconnect,107
Discovering Bigfoot,111
District 9,112
Divines,107
Django Unchained,165
Do Dooni Chaar,106
Do Paise Ki Dhoop Chaar Aane Ki Baarish,121
Doctor Zhivago,200
Dolemite Is My Name,118
Dolly Kitty Aur Woh Chamakte Sitare,120
Dolphin Tale 2,107
Don,169
Don 2,148
Don't Go Breaking My Heart,115
Don't Go Breaking My Heart 2,113
Donnie Brasco,127
Doom,105
Door Ke Darshan,114
Dorasaani,134
Dostana,142
Double Dad,105
Double Jeopardy,105
Double World,110
Doubt,104
Dovlatov,126
Dragon Quest Your Story,103
Dragonheart,103
Dream/Killer,109
Drishyam,162
Drive,119
DTC Yukemuri Junjo Hen From High & Low,102
Dum,162
Dumplin',110
Duniya,170
Duplicate,165
Dushman,141
Earthquake Bird,107
East Side Sushi,106
Eat Pray Love,140
Echcharikkai,127
Edge of Seventeen,103
Ee Nagaraniki Emaindi,133
Eeda,153
Effie Gray,109
Eggnoid: Love & Time Portal,102
Eh Janam Tumhare Lekhe,124
Either Me Or My Auntie,105
Ek Cup Chya,120
Ek Hasina Thi,134
Ek Jaan Hain Hum,151
Ek Khiladi Ek Haseena,141
Ek Ladki Ko Dekha Toh Aisa Laga,120
Ek Main Aur Ekk Tu,106
Ekşi Elmalar,109
El último testigo,105
El Camino: A Breaking Bad Movie,123
El Che,119
El fin de ETA,106
El Potro: Unstoppable,122
Elaan,143
Elephants Dream 4 Hour,196
Elisa & Marcela,119
Elizabeth Harvest,109
Elstree 1976,102
EMI: Liya Hai To Chukana Padega,128
Employee of the Month,108
Encounter: The Killing,151
End of Watch,109
English Babu Desi Mem,163
Enola Holmes,124
Enter the Dragon,103
Enter the Warriors Gate,105
Equals,102
Equilibrium,107
Escaping Tel Aviv,120
Euphoria,110
Eurovision Song Contest: The Story of Fire Saga,124
Even the Rain,103
Evening Shadows,102
Everybody Knows,133
Everyday I Love You,124
Everything About Her,127
Evolution,102
Evvarikee Cheppoddu,134
Ex Machina,108
Executive Decision,133
Exes Baggage,103
Exit Wounds,101
Expelled from Paradise,103
Extraction,117
"Extremely Wicked, Shockingly Evil and Vile",110
Eye For An Eye,108
Eyyvah Eyyvah 2,106
Eyyvah Eyyvah 3,103
"Faith, Hope & Love",106
Fakta Ladh Mhana,150
Fallen,124
Fan of Amoory,109
Fandry,102
Fantastica,114
Faraar,146
Fashion,158
Fear and Loathing in Las Vegas,118
Feel the Beat,110
Ferrari Ki Sawaari,133
Ferris Bueller's Day Off,103
Fida,117
Fiddler on the Roof,181
Fierce,118
Fifty,101
Fifty Year Old Teenager,204
Filosofi Kopi The Movie,118
Finally Found Someone,125
Finding Agnes,106
Fire at Sea,114
Firebrand,117
First Kill,102
First Love,123
First Match,103
First They Killed My Father,137
Fisherman's Friends,112
Fitoor,124
Five Elements Ninjas,104
Fiza,163
Flash of Genius,119
Flimflam,102
For Colored Girls,134
For Greater Glory,145
For Here or to Go?,105
For the Love of Spock,112
Force 2,123
Forensic,132
Forgive Us Our Debts,105
Forgotten,109
Four Sisters and a Wedding,125
Four Weddings and a Funeral,118
Fracture,113
Freaks,105
Fred Claus,115
Free State of Jones,139
Free Willy,112
Freedom at Midnight,135
Freeway: Crack in the System,103
Freezer's Campaign,116
Freshman Year,104
Friendship,161
From A to B,104
Fronteras,106
Fukrey,135
Full Count,110
FullMetal Alchemist,134
Functional Fitness,106
Funny Boy,109
İstanbul Kırmızısı,110
G.O.R.A,123
Görümce,104
Gabbar Is Back,128
Gabriel and the Mountain,132
Gaddar: the Traitor,126
Gaga: Five Foot Two,101
Gagarin: First in Space,108
Galih dan Ratna,111
Game,135
"Game Over, Man!",102
Gangaajal,148
Gangs of New York,167
Garbage,109
Gatao 2: Rise of the King,126
Gehenna: Where Death Lives,107
Gelo,118
Gemini,130
GEN HOSHINO STADIUM TOUR “POP VIRUS”,154
Generation Iron 2,107
Gerald's Game,103
Get Him to the Greek,109
Get Me Roger Stone,101
Get Santa,103
Get Smart,110
Getaway Plan,104
Ghadi,101
Ghanchakkar,129
Ghayal,163
Ghost Rider,110
Ghost Stories,145
Ghulam-E-Musthafa,161
Gie,141
Gigi,115
Gimme Shelter,101
Ginny Weds Sunny,126
Girl,106
"Girl, Boy, Bakla, Tomboy",103
Girls und Panzer der Film,121
Go Karts,103
God Bless the Broken Road,111
God Knows Where I Am,103
God of War,129
God's Not Dead,113
God's Not Dead: A Light in Darkness,106
God's Own Country,105
GODZILLA City on the Edge of Battle,101
Gol Maal,137
GoldenEye,130
Goldstone,110
Gollu Aur Pappu,112
Golmaal Returns,135
Golmaal: Fun Unlimited,148
Good and Prosperous,101
Good Game: The Beginning,115
Good Kill,103
Good Time,101
GoodFellas,145
Goon: Last of the Enforcers,102
Gori Tere Pyaar Mein,144
Gosford Park,137
Gour Hari Dastaan: The Freedom File,109
Goyo: The Boy General,150
Gran Torino,117
Grandmaster,133
Grease,110
Greater,131
Green White Green (And All the Beautiful Colours in My Mosaic of Madness),102
Gridlocked,114
Grizzlies,106
Guilty,120
Gumrah,149
Gun City,126
Guna 369,143
Gunjan Saxena: The Kargil Girl,113
Gurgaon,106
Guru,155
Guzaarish,121
Hükümet Kadin 2,101
Haani,137
Haapus,138
Habibie & Ainun,125
Haider,154
"Hail, Caesar!",106
Hairspray,116
Hajwala 2: Mysterious Mission,116
Half Girlfriend,129
Halkaa,111
HALO Legends,117
Hamara Dil Aapke Paas Hai,158
Hamburger Hill,110
Hamid,108
Hans Zimmer: Live in Prague,138
Hantu Kak Limah,110
Happy as Lazzaro,127
Happy Go Lucky,129
Happy New Year,179
Happy Old Year,113
Har Kisse Ke Hisse: Kaamyaab,105
Harold & Kumar Escape from Guantanamo Bay,101
Hasee Toh Phasee,135
Haseena Maan Jaayegi,151
Hasta los dientes,109
Hattrick,109
Hawaizaada,129
Hazaaron Khwaishein Aisi,111
Head On,104
Headshot,119
Heal,107
Heartbreakers,124
Helios,118
Hell or High Water,102
Hellboy,122
Hello Brother,126
"Hello, Love, Goodbye",117
Heneral Luna,118
Her,126
Hera Pheri,156
Heroine,143
Hide and Seek,104
High & Low The Movie,129
High & Low The Movie 2 / End of Sky,124
High & Low The Movie 3 / Final Mission,118
High & Low The Red Rain,111
High & Low The Worst,125
High End Yaariyan,120
High Society,137
High Strung Free Dance,104
Highway,127
Hikaru Utada Laughter in the Dark Tour 2018,141
Hillbilly Elegy,117
Himmatwala,140
History of Joy,118
Hitch,118
Hitler - A Career,150
Ho Mann Jahaan,170
Hokkabaz,118
Hold the Dark,126
Holding the Man,128
Hole in the Wall,104
Holidate,105
Holidays,106
Holy Camp!,108
Holy Hell,103
Holy Man 3,102
Hombanna,126
HOMECOMING: A film by Beyoncé,138
Honey 2,111
Honeymoon Travels Pvt. Ltd.,119
Hook,142
Horns,120
Horse Girl,104
Hostiles,134
Hot Gimmick: Girl Meets Boy,120
Hot Sweet Sour,102
Hotel for Dogs,101
House Arrest,105
House at the End of the Street,101
How It Ends,113
How the Beatles Changed the World,110
How the Grinch Stole Christmas,105
How to Be a Latin Lover,116
How to Change the World,110
How to Get Over a Breakup,104
How to Make an American Quilt,116
How to Train Your Dragon 2,102
Howards End,143
Hridaynath,103
Hubie Halloween,104
Hugo,127
Hum Aapke Hain Koun,193
Hum Saath-Saath Hain,176
Humko Deewana Kar Gaye,149
Humpty Sharma Ki Dulhania,131
Hunt for the Wilderpeople,101
Hunterrr,140
Husbands in Goa,150
Hustle & Flow,117
I Am,106
I Am Bolt,107
I Am Michael,102
I Am Mother,114
I Am Not Madame Bovary,139
I Am Woman,117
I Dream Of Dance,106
I Fine... Thank You... Love You,116
I Hate Luv Storys,128
I'm in Love with a Church Girl,119
I'm No Longer Here,112
I'm Thinking of Ending Things,135
반드시 잡는다,110
Icarus,121
Ice Guardians,108
Iceman,104
Ideachi Kalpana,124
III Smoking Barrels,128
Illang: The Wolf Brigade,140
Imagine That,108
Immoral Tales,103
In a Valley of Violence,104
In Darkness,101
In Line,114
In Search of Fellini,103
In the Shadow of the Moon,116
In the Tall Grass,102
In This Corner of the World,129
Inception,148
Incir Receli 2,103
Incomplete,119
Inconceivable,106
Incredibles 2 (Spanish Version),118
Indian Horse,101
Indiana Jones and the Kingdom of the Crystal Skull,123
Indiana Jones and the Last Crusade,127
Indiana Jones and the Raiders of the Lost Ark,116
Indiana Jones and the Temple of Doom,119
Inglourious Basterds,153
Inhuman Kiss,122
Initial D,109
Inkaar,125
Inkheart,106
Insan,141
Inside Man: Most Wanted,106
Insidious,103
Instructions Not Included,122
Interrogation,116
Into the Forest,102
Into the Inferno,107
Into the Wild,148
Intuition,116
Invictus,134
Ip Man,107
Ip Man 2,108
Ip Man 3,105
Ip Man 4: The Finale,105
Iqbal,127
Irada Pakka,137
Iron Fists and Kung-Fu Kicks,108
Isa Pa with Feelings,102
Ishq Vishk,129
Ishqedarriyaan,130
Ishqiya,115
Isi & Ossi,113
Issaq,140
It Takes a Lunatic,127
It Takes a Man and a Woman,127
It Takes Two,101
It's Fine,101
It's Her Day,112
Ittefaq,105
Iyore,141
Jaal,162
Jaan-E-Mann: Let's Fall in Love... Again,163
Jaane Tu... Ya Jaane Na,147
Jab Harry Met Sejal,142
Jab We Met,143
Jackie Brown,154
Jada,124
Jagga Jasoos,155
Jai Mummy Di,101
Jail,132
Jal,132
Janaan,132
Jaoon Kahan Bata Ae Dil,107
Jarhead: Law of Return,103
Jatt James Bond,142
Jatts in Golmaal,128
Jay and Silent Bob Strike Back,105
Jem and the Holograms,119
Jeremiah Tower: The Last Magnificent,103
Jeremy Scott: The People's Designer,109
Jersey Boys,134
Jhankaar Beats,131
Jimi Hendrix,102
Jindua,135
Jingle Jangle: A Christmas Journey,124
Jis Desh Men Ganga Behti Hai,181
Jo Pil-ho: The Dawning Rage,128
Jodhaa Akbar,214
John Carter,133
John Day,125
Jonathan,101
Jora 10 Numbaria,135
Joy,101
Judge Singh LLB,137
Judwaa,133
Judwaa 2,145
Julie & Julia,123
Jumping the Broom,113
Junebug,107
Jupiter Ascending,128
Just Another Christmas,101
Just Another Love Story,104
Just The Way You Are,107
Justin Bieber: Never Say Never,106
Justine,106
K-19: The Widowmaker,138
K-on! the movie,110
Kaabil,139
Kaagar,130
Kaakan,132
Kaake Da Viyah,133
Kaal,126
Kaalia,173
Kaaliyan,105
Kabali (Hindi Version),148
Kabhi Alvida Naa Kehna,192
Kabhi Haan Kabhi Naa,151
Kabhi Khushi Kabhie Gham,209
Kabir Singh,171
Kacche Dhaagey,120
Kahaani,122
Kai Po Che!,120
Kajraare,113
Kal Ho Naa Ho,187
Kalakalappu,154
"Kalel, 15",105
Kalushi: The Story of Solomon Mahlangu,107
Kaminey,128
Kanavu Variyam,104
Kanika,110
Kannum Kannum Kollaiyadithaal,160
Kapoor & Sons,138
Kappela,112
Kara Bela,101
Kardec,110
Karkar,107
Karthik Calling Karthik,135
Kartini: Princess of Java,118
Karzzzz,137
Kasanova,117
Kate & Leopold,118
Katha,140
Katti Batti,132
Kaviyude Osyath,116
Kay Dyache Bola,133
KD (A) Karuppudurai,116
Khalnayak,170
Khido Khundi,151
Khoobsurat,121
Khoon Khoon,132
Khosla Ka Ghosla,124
Khubsoorat,120
Khushi,157
Kia and Cosmos,124
Kickboxer: Retaliation,110
Kid Kulafu,108
Kids on the Block,102
Kill Bill: Vol. 1,111
Kill Bill: Vol. 2,137
Kill the Irishman,106
Kill the Messenger,112
Killa,107
Kills on Wheels,103
Kilo Two Bravo,109
King of Boys,182
Kingdom of Us,110
Kingpin,114
Kis Kisko Pyaar Karoon,132
Kisaan,101
Kismat Konnection,145
Kiss the Girls,116
Knowing,121
Kocan Kadar Konus,104
Kocan Kadar Konus 2: Dirilis,104
Kodachrome,105
Koi Aap Sa,135
Kolaiyuthir Kaalam,107
Koshish,115
Kraftidioten,117
Krishna and His Leela,126
Krishna Cottage,124
Krutant,114
Kucch To Hai,136
Kuch Kuch Hota Hai,185
Kuldip Patwal: I Didn't Do It!,126
Kung Fu Yoga,107
Kuntilanak,106
Kuppivala,133
Kurbaan,147
Kya Kehna,149
Kyaa Kool Hai Hum,165
Kyaa Kool Hain Hum 3,124
Kyo Kii... Main Jhuth Nahin Bolta,150
Kyun! Ho Gaya Na,165
La Última Fiesta,104
LA 92,114
La Bamba,109
Laal Rang,143
Laatu,116
Laddaland,112
Lady Bloodfight,101
Lady Driver,104
Lady in the Water,110
Lady J,111
Laerte-se,101
Lagaan,224
Lagos Real Fake Life,118
Lakeeran,111
Lakshya,185
Lal Patthar,153
Lalbaug Parel: Zali Mumbai Sonyachi,145
Lara and the Beat,140
Last Knights,115
Lawless,116
Layer Cake,105
Le K Benzema,121
Lechmi,147
Lee Daniels' The Butler,132
Left Behind,110
Legend,132
Legend of the Naga Pearls,108
Legendary Weapons of China,101
Lembi 8 Giga,111
Lens,109
"Les Bleus - Une autre histoire de France, 1996-2016",103
Les Misérables,158
Let It Fall: Los Angeles 1982-1992,144
Let's Dance,116
Leyla Everlasting,113
Liar's Dice,104
Liefling,118
Life in a ... Metro,126
Life Ki Toh Lag Gayi,109
Life's Speed Bump,109
Lifeline,104
Light in the Dark,105
Like Father,104
Like Water for Chocolate,105
Lil Peep: Everybody’s Everything,116
Lincoln,150
Line Walker,109
Lion's Heart,111
Listen,103
Listen Up! The Lives of Quincy Jones,116
Little Monsters,102
"Live Twice, Love Once",102
Living in Bondage: Breaking Free,149
Lock Your Girls In,233
"Lock, Stock and Two Smoking Barrels",108
Locked on You,105
Loco Love,103
Logan's Run,118
Lola Igna,114
Lolita,153
Lommbock,106
Look for a Star,117
Look Who's Back,116
Lorai: Play to Live,155
Love Aaj Kal,140
Love and Shukla,110
Love Beats Rhymes,106
Love for Sale,101
Love In A Puff,103
Love Is a Story,105
Love Is War,111
Love Jones,109
Love Ni Bhavai,163
Love O2O,103
Love Off the Cuff,120
Love Per Square Foot,133
Love Wedding Repeat,101
Love You to the Stars and Back,111
Love You... Love You Not,115
"Love, Rosie",103
Loving,124
"LSD: Love, Sex Aur Dhokha",112
Lu Over the Wall,113
Lucid Dream,102
Luck by Chance,156
Luckee,113
Lucknow Central,144
Lucky: No Time for Love,131
Ludo,150
Luka Chuppi,125
Lupt,110
Lust Stories,121
Luv Shuv Tey Chicken Khurana,129
Ma Chu Ka,117
Maacher Jhol,107
Macchli Jal Ki Rani Hai,118
Machete Kills,108
Macho,101
Mad World,102
Madaari,134
Made in China,128
Madness in the Desert,141
Madras Café,128
Magnetic,110
Magnificent,143
Magnolia,189
Mahabharat,119
Mahi NRI,134
Main aurr Mrs. Khanna,109
Main Hoon Na,171
"Main, Meri Patni Aur Woh",129
Maine Pyaar Kyun Kiya,137
Maine Pyar Kiya,192
Maktub,106
Mala Kahich Problem Nahi,132
Malaal,133
Malang,131
Mallesham,131
Mama's Boy,101
Man of Tai Chi,105
Mandi,155
Mandobasar Galpo,103
Manhunt,109
Maniyarayile Ashokan,110
Manje Bistre,136
MANK,133
Manmadhudu 2,152
Mann,173
Manorama Six Feet Under,129
Manoranjan,162
Mansfield Park,112
Manto,114
Manu,177
Maps to the Stars,112
Marauders,107
Marriage Palace,135
Marriage Story,137
Martin Lawrence Live: Runteldat,104
Mary and the Witch's Flower,103
Mary Kom,120
Mary Poppins Returns,131
Maska,112
Masoom,138
Master,143
Master Z: The Ip Man Legacy,108
Matichya Chuli,132
Mauli,136
May the Devil Take You,111
Maya Angelou: And Still I Rise,114
Maya Memsaab,122
Mayday Life,120
Maza Pati Karodpati,132
Mean Dreams,105
Mean Streets,112
Meghnadbodh Rohoshyo,150
Mehandi Circus,126
Melle,110
Memoir of a Murderer,118
Menahi,101
Merantau,112
Mere Pyare Prime Minister,103
Merku Thodarchi Malai,115
Merry Men 2: Another Mission,115
Merry Men: The Real Yoruba Demons,106
Mersal,162
Message from the King,103
Metro,116
Mi amigo Alexis,102
Mi Obra Maestra,105
Mi Shivajiraje Bhosale Boltoy,148
MI-5,105
Middle Men,113
Midnight Special,112
Milada,124
Miles Davis: Birth of the Cool,115
MILF,102
Milk,128
Mine,106
Minnaminugu the FireFly,128
Miracle,136
Miracle in Cell No. 7,132
Mirage,129
Mirror Mirror,106
Mirzya,129
Mischief,120
Miss India,136
Miss Julie,130
Miss Virginia,102
Mission Istaanbul: Darr Ke Aagey Jeet Hai,119
Mission of Honor,107
Mississippi Grind,109
Moh Maya Money,109
Mohenjo Daro,168
Molly's Game,141
Mom,139
Mona Lisa Smile,119
Money Trap,122
Monopoly (The Bank Of Luck),117
Monster-in-Law,101
Monsters: Dark Continent,119
"Monty Python Live (Mostly): One Down, Five to Go",137
Moonlight,111
Moor,135
Morya,121
Mosul,103
MOTHER,127
Motichoor Chaknachoor,132
Motor Mitraan Di,117
Motu Patlu: King of Kings,109
Mowgli: Legend of the Jungle,105
Mr. Chandramouli,131
Mr. Church,105
Mr. Gaga: A True Story of Love and Dance,102
Mrs. Serial Killer,107
Mubarakan,153
Much Loved,104
Mucize,136
Mud,131
Mudbound,135
Mugamoodi,150
Mujhse Shaadi Karogi,158
Mujrim,163
Mumbai Delhi Mumbai,107
Mumbai Matinee,116
Mumbai Meri Jaan,135
Munafik 2,104
Mundeyan Ton Bachke Rahin,139
Muppets Most Wanted,110
Muqaddar ka Faisla,172
Muramba,128
Muran,134
Music Teacher,102
Must Be... Love,106
Mute,127
Mutiny on the Bounty,185
Muzaffarnagar Baaqi Hai,136
My Amnesia Girl,105
My Brother ... Nikhil,116
My Ex & Whys,121
My Girl,102
My Happy Family,119
My Honor Was Loyalty,115
My Mother's Wound,115
My Only Mother,104
My Sister's Keeper,109
My Stupid Boss,107
My Suicide,111
My Travel Buddy,111
My True Friend,108
My Way,101
Mystic Pizza,104
Mystic River,138
Naa Bangaaru Talli,122
Naam Shabana,141
Naan Sigappu Manithan,147
Namak Halaal,171
Namastey London,130
Nang Nak,101
Naruto Shippuden : Blood Prison,102
Nasha,115
Nathicharami,114
National Treasure,131
Natsamrat - Asa Nat Hone Nahi,165
Natural Selection,101
Naughty Jatts,121
Ne Zha,110
Nee Enge En Anbe,137
Needhi Singh,103
Neevevaro,132
Neruda,108
Neseli Hayat,108
New Money,107
Newness,117
Next Enti?,117
Next Gen,106
Nibunan,124
Nigerian Prince,104
Night Moves,113
Nightcrawler,118
Nimbe,115
NiNoKuni,107
Niyazi Gül Dörtnala,102
Njan Prakashan,125
No Direction Home: Bob Dylan,208
No Entry,161
No Estoy Loca,116
No Game No Life: Zero,106
No Longer kids,237
No One Killed Jessica,131
No One Will Ever Know,102
No Other Woman,103
No Reservations,104
Noblemen,109
Nobody Sleeps in the Woods Tonight,103
Nocturnal Animals,117
Nothing to Lose,133
NOVA: Black Hole Apocalypse,113
NOVA: Decoding the Weather Machine,113
NOVA: The Impossible Flight,113
Now and Then,102
Now More Than Ever: The History of Chicago,114
Nymphomaniac: Volume 1,117
Nymphomaniac: Volume II,124
O Silêncio do Céu,102
Oasis: Supersonic,122
Occupation,120
Ocean's Eleven,127
Ocean's Thirteen,122
Ocean's Twelve,125
Odu Raja Odu,121
Off Course,107
Offering to the Storm,140
Oh Darling Yeh Hai India,154
Oh My Ghost 2,103
Oh My Ghost 3,103
Oh My Ghost 4,106
Oh My God,129
"Oh, Hello On Broadway",102
"Oh, Ramona!",109
Oh! Baby,157
Oh! Baby (Malayalam),146
Oh! Baby (Tamil),146
Okafor's Law,110
Okja,121
Oklahoma City,102
Olympus Has Fallen,119
Om Shanti Om,169
Omar & Salma 2,101
On Body and Soul,116
Onaatah,107
Once Again,101
Once Upon a Time in London,111
Once Upon a Time in Mumbaai,133
Once Upon a Time in Mumbai Dobaara!,142
Once Upon a Time in the West,166
One 2 Ka 4,160
One by Two,135
One Day,135
One Day We'll Talk About Today,128
One Day: Justice Delivered,120
One More Try,102
Operation Chromite,111
Operation Mekong,124
Operation Red Sea,139
Ordinary People,107
Organize Isler,104
Oru Vishsheshapetta Biryani Kissa,122
Otherhood,101
Oththa Seruppu Size 7,103
Our Shining Days,103
Our Souls at Night,103
Outlaw King,122
Outlawed,102
Outside In,110
Outside the Wire,116
Overnight Republic,105
Oye Lucky! Lucky Oye!,118
P,105
P Se PM Tak,117
P.S. I Love You,126
Paan Singh Tomar,129
Pad Man,130
Pagpag: Nine Lives,106
Paharganj,107
Paheli,134
Painted Faces,108
Palermo Hollywood,106
Palm Trees in the Snow,163
Pan's Labyrinth,119
Pandigai,125
Pandora,137
Panic Room,112
Panipat - The Great Betrayal,171
Papa the Great,137
Paradise Lost,111
Parchís: the Documentary,106
Pardes,187
Pareeth Pandaari,109
Pari,116
Parmanu: The Story of Pokhran,124
Paskal,115
Patiala House,140
Patriot Games,117
Patron Mutlu Son Istiyor,105
Paulettante Veedu,104
Payday,110
Paying Guests,114
Pee Mak,112
Peepli Live,109
Pek Yakında,134
Penalty,125
People You May Know,108
Peppermint,102
Perdida,104
Perfect Stranger,109
Personal Shopper,105
Petta,170
Petta (Telugu Version),170
Phamous,108
Phantom,129
Philadelphia,126
Phir Bhi Dil Hai Hindustani,159
Phir Hera Pheri,150
Phir Se,118
Phobia 2,125
Phone Swap,112
PhotoCopy,138
Pickpockets,108
Pieces of a Woman,128
Pineapple Express,112
Pink,130
Pinky Memsaab,124
Pitaah,127
Pizza,102
PK,146
"Plaire, aimer et courir vite",133
Planetarium,108
Platoon,120
Players,162
Playing for Keeps,106
Playing for Time,149
Polar,119
Pooja Kiven Aa,122
Popeye,114
Posesif,102
Poshter Girl,138
Poster Boys,128
Potato Potahto,104
Power Paandi,124
Prague,106
Pranaam,117
Prem Ratan Dhan Payo,164
Premachi Goshta,127
Primal Fear,131
Prince,152
Private Life,124
Professor,163
Project Marathwada,103
Project Power,113
Psycho,143
Psychokinesis,102
Pukar,165
Pulang,119
Pulp Fiction,154
Punjab 1984,158
Puriyatha Puthir,120
Pyaar Ka Punchnama,149
Pyaar Ka Punchnama 2,136
Pyaar Ke Side Effects,120
Pyar Ke Do Pal,153
Qarib Qarib Singlle,120
Qila,161
Qismat,137
Quantum of Solace,106
Queen,138
Queen of the Desert,128
Quién te cantará,125
Quigley Down Under,120
Quincy,124
R.K.Nagar,132
Raajneeti,162
Raat Akeli Hai,150
Race,155
Race 2,139
Rachel Getting Married,113
Radium Girls,103
Raees,143
Raging Bull,129
Ragini MMS 2,113
Rahasya,117
Railroad Tigers,124
Rain Man,134
Rainbow Jelly,119
Raja Hindustani,177
Raja Natwarlal,131
Rajma Chawal,119
Rajnigandha,104
Rakkhosh,116
Ralph Breaks the Internet: Wreck-It Ralph 2,113
Ram Jaane,142
Ram Teri Ganga Maili,178
Raman Raghav 2.0,133
Ramji Londonwaley,154
Rampant,122
Ranbhool,115
Rang De Basanti,159
Rango,110
Rangoon,153
Rangreza,126
Ravenous,104
Raya and Sakina,230
Ready,144
Real Steel,127
Rebecca,123
Rebel Without a Cause,111
Rebirth,101
Red Dawn,114
Red Oleanders Raktokarobi,112
Rehmataan,116
Remember Me,112
Rememory,112
Rencor tatuado,152
Results,105
Retablo,102
Return of the Prodigal Son,124
Revelations,118
Revenger,102
Revolutionary Road,120
Rich in Love,105
Righteous Kill,101
Ringan,103
Riphagen - The Untouchable,132
Rise: Ini Kalilah,101
Rising Phoenix,107
Rivaaz,107
"River, el más grande siempre",105
River's Edge,118
Road to Sangam,136
Rocco,103
Rock My Heart,110
Rock On!!,139
Rocky,120
Rocky Handsome,119
Rocky II,119
Rocky V,104
Rogue City,116
Rogue Warfare,103
Rogue Warfare: The Hunt,104
Rolling Thunder Revue: A Bob Dylan Story by Martin Scorsese,142
ROMA,135
Romance Doll,124
Romantik Komedi,110
Romantik Komedi 2: Bekarlığa Veda,105
Romeo Akbar Walter,141
Romeo Ranjha,122
Room,118
Rose Island,119
Rosemary's Baby,137
Rounders,121
Rowdy Rathore,137
Rudy Habibie,143
Rukh,103
Run,134
Runaway Bride,116
Running for Grace,110
Running Shaadi,115
Rush: Beyond the Lighted Stage,107
Rust Creek,108
Rustom,141
S.W.A.T.,117
"Sí, Mi Amor",107
Saadey CM Saab,131
Saaho,172
Saath Saath,118
Saavat,118
Saawan,128
Sabrina,114
Sadece Sen,105
Sadma,137
Saheb Bibi Golaam,118
Saheb Biwi Aur Gangster Returns,139
Sairat,173
Sakhi,152
Salaakhen,134
Saladin,194
Samantaral,110
Samarppanam,116
Same Kind of Different as Me,119
Sameer Abu Alneel,107
Samson,109
Sanai Choughade,122
Sand Castle,113
Sandy Wexler,131
Sangam,228
Sanju,159
Santa Banta Pvt Ltd,111
Santana,107
Sara's Notebook,117
Sarah's Key,102
Sardaar ji,140
Sardaarji 2,145
Sarivar Sari,126
Sarkar,162
Sarvam Thaala Mayam (Tamil Version),131
Sarvam Thaala Mayam (Telugu Version),131
Sarvopari Palakkaran,133
Sat Shri Akaal England,127
Sat Sri Akal,141
Satrangi Re,150
Satte Pe Satta,153
Satyagraha,146
Saving Mr. Banks,126
Savita Damodar Paranjpe,119
Sayed the Servant,173
Scarecrow,121
Schindler's List,195
School Daze,120
School Life,112
Scorpion King 5: Book of Souls,102
Scott Pilgrim vs. the World,112
Scream 2,121
Scream 3,117
Screwball,105
Searching for Bobby Fischer,110
Secret,101
Secret in Their Eyes,111
Secret Superstar,150
Secrets in the Hot Spring,108
Secrets of the Saqqara Tomb,114
Sei,126
Selfless,117
Sen Kimsin?,102
Senna,106
Seoul Searching,109
Septembers of Shiraz,110
Sergio,119
Serious Men,115
Seriously Single,108
Set It Up,106
SETHUM AAYIRAM PON,103
Settai,123
Seven (Tamil),111
Seven (Telugu),116
Seven and a half dates,107
Seven Pounds,123
Seven Sundays,128
Seventh Son,102
Sex and the City 2,146
Sex and the City: The Movie,145
Sex Doll,103
Sex Drive,109
"Sexo, Pudor y Lagrimas",111
SGT. Will Gardner,125
Shéhérazade,111
Shabd,146
Shadow,116
Shahanpan Dega Deva,115
Shaitan,126
Shakti: The Power,168
Shanghai,109
Shanghai Fortress,107
Shararat,148
Shaurya: It Takes Courage to Make Right... Right,135
She Made Me a Criminal,105
She's Dating the Gangster,113
She's Out of My League,105
She's the One,111
Shelby American,119
Shelter,112
Shepherds and Butchers,106
Sherlock Holmes,128
Shikari,163
Shimla Mirchi,121
Shine Your Eyes,103
Shiva,168
Shonar Pahar,131
Shootout at Lokhandwala,116
Shor In the City,106
Shorgul,122
Shortcut Safari,101
Shot Caller,121
Shrek the Musical,130
Shubh Aarambh,127
Shuddhi,115
Sicilian Ghost Story,119
Siddhant,105
Sierra Burgess Is A Loser,106
Sigaram Thodu,141
Sillu Karuppatti,133
Silver Linings Playbook,122
Simon Killer,105
Sin City,101
"Sincerely Yours, Dhaka",136
Singapore,158
Singh Saab the Great,143
Singham,142
Single,127
Sisterakas,105
Skiptrace,107
Sleeping with Other People,101
Sling Blade,135
Sliver,107
Slow Country,115
Small Soldiers,110
Smoke & Mirrors,123
Snowden,134
Snowpiercer,126
So Much Love to Give,108
Socha Na Tha,137
Soekarno,142
Sohni Mahiwal,160
Soldier,155
Solo: A Star Wars Story,135
Solo: A Star Wars Story (Spanish Version),135
Solomon Kane,104
Something's Gotta Give,128
Sometimes,101
Son of a Gun,109
Son Of Adam,110
Soorma,131
Sorry To Disturb,116
Soul Surfer,106
Space Cowboys,130
Spanish Affair 2,107
Special 26,137
Special Correspondents,101
Spectral,108
Spenser Confidential,111
Spider-Man 3,139
Spider-Man: Into the Spider-Verse,117
Spotlight,129
Springsteen on Broadway,153
Sprinter,112
Spyder,140
St. Agatha,103
Star Wars: Episode VIII: The Last Jedi,152
Stardust,128
Starred Up,106
Starsky & Hutch,101
Starting Over Again,128
Steel Rain,140
Step Sisters,108
Steve Jobs,122
Sthaniya Sambaad,106
Stonehearst Asylum,113
Story of an Egg,132
Stranger than Fiction,113
Stree,127
Stretch Armstrong: The Breakout,104
Stripes,106
Striptease,117
Strong Island,108
Stronger Than the World,123
Struggle: The Life and Lost Art of Szukalski,105
Suburra,135
Suckseed,130
Sudani from Nigeria,115
Suffragette,107
Suicide (Hitabdut),114
Suite Française,107
Sunday's Illness,113
Super Dark Times,104
Super Deluxe,176
Super Nani,127
Superbad,113
Superlopez,108
Superman Returns,154
Sur Sapata,140
Sur: The Melody of Life,137
Surga Yang Tak Dirindukan,121
Surga Yang Tak Dirindukan 2,119
Survivors Guide to Prison,103
Suzzanna: Buried Alive,126
Svaha: The Sixth Finger,123
Swades,185
Swami,123
Swearnet: The Movie,112
Sweeney Todd: The Demon Barber of Fleet Street,116
Sword Master,108
Sword Masters: Two Champions of Shaolin,101
Sylvia,104
System Crasher,120
Taal,177
Taare Zameen Par,162
"Take the Ball, Pass the Ball",109
Takers,107
Talaash,140
Talentime,120
Tales From the Hood 2,110
Tall Girl,103
Tallulah,112
Tamanchey,111
Tamasha,133
Tanda Tanya,102
Tango Feroz,124
Tanu Weds Manu,114
Taramani,148
Tarek's Situation,110
Tarung Sarung,116
Tattah,112
Tatu,101
Taxi Driver,114
Taylor Swift reputation Stadium Tour,125
TE3N,128
Tears of the Sun,121
Tee Shot: Ariya Jutanugarn,103
Teefa in Trouble,155
Teen Aur Aadha,119
Teen Patti,137
Tees Maar Khan,125
Temporada de Caza,108
Ten Years,102
Tere Naal Love Ho Gaya,127
Terminator 3: Rise of the Machines,109
Terminator Salvation,115
Teshan,133
Tezz,121
Thaandavam,156
Thackeray (Hindi),135
Thackeray (Marathi),135
Thambi,148
Thank You,131
The 101-Year-Old Man Who Skipped Out on the Bill and Disappeared,108
The 12th Man,130
The 3rd Eye,108
The 3rd Eye 2,117
The 4th Company,117
The Accidental Spy,104
The Adventures of Tintin,107
The Age of Shadows,140
The Amazing Praybeyt Benjamin,105
The American President,113
The Angel,114
The Ant's Scream,108
The Arbitration,101
The Art of Loving,115
The Art of War,117
The Artist,101
The Babysitter: Killer Queen,102
The Bad Batch,119
The Bad Kids,101
The Ballad of Buster Scruggs,133
The Ballad of Lefty Brown,112
The Bar,102
The Beach Loafer,112
The Beast Stalker,110
The Black Godfather,118
The Black Prince,121
The Blazing Sun,116
The Bleeding Edge,101
The Blue Elephant 2,130
The Body,101
The Body Remembers When the World Broke Open,106
The Book of Eli,118
The Book of Sun,120
The Boss Baby: Get That Baby!,115
The Bounty Hunter,111
The Box,116
The Boy Who Harnessed the Wind,114
The Boys in the Band,122
The Brave,103
The Brave One,122
The Break-Up,107
The Breakup Playlist,118
The Bridge,119
The Bros,102
The Brothers Grimm,119
The Bund,103
The Butterfly's Dream,118
The Bygone,106
The Cakemaker,109
The Call,112
The Captive,112
The Case for Christ,113
The Cell,126
The CEO,109
The Chord,101
The Chosen,111
The Chosen Ones,107
The Christmas Chronicles,104
The Christmas Chronicles: Part Two,115
The Cincinnati Kid,103
The Climb,105
The Cloverfield Paradox,102
The Coldest Game,103
The Command,118
The Company Men,105
The Competition,103
The Confirmation,101
The Congress,123
The Conjuring,112
The Consul's Son,114
The Craft,101
The Crow,102
The Crying Game,112
The D Train,101
The Da Vinci Code,149
The Dancer,105
The Danish Girl,120
The Dark Side of Life: Mumbai City,121
The Dealer,124
The Death and Life of Marsha P. Johnson,106
The Death of Mr. Lazarescu,154
The Death of Stalin,107
The Departed,151
The Devil All The Time,139
The Devil's Mistress,110
The Dirt,108
The Disaster Artist,104
The Discovery,102
The Distinguished Citizen,113
The Do-Over,109
The Doll,106
The Doll 2,117
The Dreamer,121
The Drug King,139
The Duel,110
The Dukes of Hazzard,104
The Edge of Democracy,122
The Edge of Seventeen,105
The Emigrant,130
The End of the Tour,106
The Endless,112
The Endless Trench,148
The Exception,107
The F**k-It List,103
The Family,112
The Fighter,116
The Figurine (Araromire),121
The First Lady,107
The First Wives Club,103
The Florida Project,111
The Flying Guillotine,101
The Forbidden Kingdom,104
The Foreigner,113
The Forest of Love,151
The Forty-Year-Old Version,124
The Founder,115
The Frozen Ground,106
The Gathering,124
The Ghost Who Walks,107
The Giant,115
The Girl Allergic to Wi-Fi,104
The Girl from the Song,101
The Girl with the Dragon Tattoo,158
The Gospel of John,161
The Gospel of Luke,205
The Gospel of Mark,123
The Gospel of Matthew,190
The Grandmaster,108
The Great Battle,136
The Great Gambler,161
The Great Hack,114
The Great Magician,128
The Great Raid,133
The Green Hornet,119
The Green Inferno,101
The Guernsey Literary and Potato Peel Pie Society,124
The Half Of It,105
The Hateful Eight,168
The Hater,136
The Healer,108
The Heartbreak Club,101
The Heartbreak Kid,116
The Help,147
The Highwaymen,132
The House Next Door,135
The Hows of Us,120
The Hummingbird Project,111
The Hundred-Foot Journey,123
The Hurricane Heist,103
The Hurt Business,111
The Imaginarium of Doctor Parnassus,123
The Impossible,114
The Incredibles 2,118
The Influence,102
The Informant!,108
The Intent 2: The Come Up,103
The Interview,101
The Intouchables,112
The Invisible Guardian,129
The Invisible Guest,106
The Irishman,209
The Iron Lady,105
The Ivory Game,112
The Jane Austen Book Club,106
The Journey Is the Destination,123
The Karate Kid,140
The Killing of a Sacred Deer,121
The King,141
The King's Speech,118
The Kissing Booth,105
The Kissing Booth 2,133
The Land,130
The Land of Cards,113
The Last Airbender,104
The Last Bomb of the Second World War,133
The Last Boy Scout,105
The Last Days of American Crime,149
The Last Face,131
The last hour,119
The Last Runway,107
The Last Summer,110
The Last Thing He Wanted,116
The Laws of Thermodynamics,101
The Legacy of the Bones,121
The Legend of Bhagat Singh,156
The Legend of Michael Mishra,118
The Lift Boy,107
The Lighthouse of the Orcas,110
The Lion Woman,118
The Little Prince,107
The Little Wars,108
The Lives of Others,138
The Lobster,119
The Longest Yard,121
The Look of Silence,103
The Lord of the Rings: The Return of the King,201
The Lord of the Rings: The Two Towers,179
The Lost Brother,113
The Lost Husband,110
The Love Affair,127
The Main Event,103
The Man Who Feels No Pain,137
The Man Without Gravity,107
The Married Couples,195
The Mask of Zorro,138
The Master,137
The Matrix,136
The Matrix Reloaded,138
The Matrix Revolutions,129
The Mayo Clinic,116
The Mayor,130
The Meyerowitz Stories (New and Selected),113
The Midnight Sky,119
The Mistress,132
The Model,104
The Most Assassinated Woman in the World,102
The Motive,114
The Muppets,104
The Music of Silence,115
The Natural,138
The Next Karate Kid,107
The Next Skin,104
The Night Comes for Us,121
The Occupant,104
The Old Guard,126
The Only Mother To You All,106
The Original Kings of Comedy,111
The Other,106
The Other Guys,108
The Other Side of the Wind,122
The Ottoman Lieutenant,111
The Outpost,123
The Panti Sisters,108
The Peacemaker,124
The Pelican Brief,141
The Perfect Dictatorship,143
The Perfect Picture: Ten Years Later,148
The Perks of Being a Wallflower,103
The Phantom of the Opera,141
The Photographer Of Mauthausen,110
The Physician,155
The Pirates of Somalia,118
The Place Beyond the Pines,140
The Plan,124
The Player,110
The President's Barber,116
The Prince & Me,111
The Princess Switch,102
The Prison,125
The Professor and the Madman,125
The Prom,132
The Promise,133
The Pursuit of Happyness,117
The Rachel Divide,105
The Rainbow Troops,119
The Rainmaker,136
The Reconquest,108
The Red Sea Diving Resort,130
The Redeemed and the Dominant: Fittest on Earth,120
The Rehearsal,102
The Reliant,116
The Resistance Banker,123
The Ridiculous 6,120
The Ring,116
The Riot Club,107
The River Wild,111
The Rolling Stones: Olé Olé Olé! A Trip Across Latin America,101
The Rope Curse 2,105
The Rover,103
The Royal Bengal Tiger,103
THE RUM DIARY,120
The Runaways,107
The Ruthless,111
The School of Mischief,253
The Score,124
The Sea of Trees,111
The Set Up,105
The Seven Five,104
The Shaukeens,123
The Show,105
The Siege of Jadotville,108
The Silent War,122
The Sinking Of Van Der Wijck,163
The Skin of the Wolf,110
The Sky Is Pink,143
The Sleepover,104
The Smurfs,103
The Smurfs 2,105
The Social Network,121
The Space Between Us,120
The Square,105
The Stand at Paxton County,103
The Stanford Prison Experiment,122
The Student Cop,111
The Super Parental Guardians,115
The Taking of Pelham 123,106
The Talented Mr. Ripley,139
The Theory of Everything,123
The Third Party,118
The Three Deaths of Marisela Escobedo,110
The Time Traveler's Wife,107
The Tourist,103
The Tree of Blood,136
The Trial of the Chicago 7,130
The Tribes of Palos Verdes,104
The Trip to Spain,108
The Twins Effect II,106
The Two Popes,126
The Unknown Girl,106
The Unknown Known,103
The Unmarried Wife,130
The Vanished,115
The Vendor,103
The Visit,138
The Wandering Earth,125
The Water Diviner,111
The Water Horse: Legend of the Deep,112
The Wedding Curse,101
The Wedding Party,101
The Wedding Shaman,111
The Week Of,117
The Wishing Tree,117
The Witch: Part 1 - The Subversion,126
The Witness Who Didn't See Anything,157
The Wolf's Call,116
The Workshop,114
The World Is Not Enough,128
The World Is Yours,101
The World We Make,108
The Young Messiah,111
The Zoya Factor,135
Theeram,104
Theeya Velai Seyyanum Kumaru,132
There Will Be Blood,158
They Are Everywhere,110
This Earth of Mankind,180
This Is Not What I Expected,107
Thithi,123
Thong Dee Fun Khao,122
Thor: Ragnarok,131
Thorne: Scaredy Cat,125
Thorne: Sleepyhead,125
Thottappan,139
Three Words to Forever,107
Through My Father's Eyes: The Ronda Rousey Story,104
Thug Life,133
Tiger,130
Tik Tok,108
Tikli and Laxmi Bomb,151
Tim Minchin And The Heritage Orchestra Live,146
Tim Minchin: So F**king Rock,127
Time Please,125
Time to Hunt,135
To All the Boys: P.S. I Still Love You,102
To the Bone,108
"To Wong Foo, Thanks for Everything! Julie Newmar",108
Together For Eternity,176
Toilet: Ek Prem Katha,145
Tomorrow Never Dies,119
Tony Robbins: I Am Not Your Guru,117
Too Handsome to Handle,106
Tootsies & The Fake,108
Torbaaz,133
Toro,106
Tortilla Soup,104
Total Recall,114
Tottaa Pataaka Item Maal,107
Traffic Signal,130
Trailer Park Boys: Countdown to Liquor Day,102
Train to Busan,118
Traitor,114
Transcendence,119
Trash,114
Travel Mates 2,111
Tremors 3: Back to Perfection,104
Tremors 4: The Legend Begins,101
Tremors: Shrieker Island,102
"Trikal (Past, Present, Future)",134
Trimurti,173
Trip to Bhangarh: Asia's Most Haunted Place,113
Triple 9,115
Triple Frontier,126
Trophy,110
Truckbhar Swapna,128
True Grit,128
True to the Game,108
Trumbo,124
Tu Hai Mera Sunday,125
Tukaram,162
Tum Milo Toh Sahi,128
Tune in for Love,123
Turkish Dance School,107
Tusk,102
Twin Murders: the Silence of the White City,110
Twins Mission,102
Two Catalonias,117
U Turn,121
Udaan,137
Udta Punjab,146
Ugly,125
Ugly Aur Pagli,115
Ujala,143
Ultras,109
Uma Maheswara Ugra Roopasya,137
Un plus une,114
Unacknowledged,104
Unbreakable Kimmy Schmidt: Kimmy vs. the Reverend,190
Unbroken,109
Uncertain Glory,116
Uncorked,104
Uncut Gems,135
Undefeated,113
Under the Riccione Sun,102
Under The Skin,108
Unexpectedly Yours,121
Ungli,114
Union Leader,105
Unknown,113
Up in the Air,110
Uppity: The Willy T. Ribbs Story,106
Upstarts,112
Uriyadi 2,116
Urvi,121
Us and Them,119
USS Indianapolis: Men of Courage,130
Uyare,119
V for Vendetta,132
Vanjagar Ulagam,145
Varane Avashyamund,144
Vaya,106
Veerappan,117
Veerey Ki Wedding,130
Velvet Buzzsaw,113
Veronica,105
Verses of Love,126
Verses of Love 2,127
Very Big Shot,109
Vettai,156
Viceroy's House,106
Victor,110
Vikings Unearthed,113
Vince and Kath and James,115
Vincent N Roxxy,101
Virsa,127
Viswasapoorvam Mansoor,125
Vitti Dandu,116
Vivah,166
Vizontele,106
Vizontele Tuuba,106
Vodka Diaries,113
W.E.,119
W/O Ram,115
Waar,130
Waarrior Savitri,120
"Waiting for \"Superman\"",111
Wake Up Sid,132
Wakefield,109
War,103
War Chhod Na Yaar,109
War Horse,147
War Machine,123
Wasp Network,128
We Are Family,119
We Are Legends,109
We Are Young. We Are Strong.,123
We Can Be Heroes,101
We'll Be Right Back After The Break,106
Welcome,149
Welcome 2 Karachi,124
Welcome to New York,108
Welcome to Sajjanpur,131
Well Done Abba,135
West Beirut,106
What a Girl Wants,105
What a Wonderful Family!,102
What Happened to Monday,124
What Happened to Mr. Cha?,102
"What Happened, Miss Simone?",103
What Lies Beneath,130
What the Jatt!!,140
What's Eating Gilbert Grape,118
What's Up With Love?,110
What's Your Raashee?,203
Wheels of Fortune,107
When Love Happens,109
When Two Worlds Collide,103
White Christmas,120
Whose Streets?,102
Why Me?,126
Wild Wild West,106
Wildlife,105
Williams,105
Wine Country,104
Wira,108
Wish I Was Here,106
Wish Man,108
Wish You,102
Wolves,109
Women of Mafia 2,132
Woodshock,101
World Famous Lover,147
World Trade Center,129
Wrong No.,133
Wrong Side Raju,140
Wyatt Earp,191
X Large,135
X: Past Is Present,105
XXx,124
XXX: State of the Union,101
Y Tu Mamá También,106
Y.M.I.: Yeh Mera India,137
Yaadein,171
Yaar Gaddar,148
Yaara O Dildaara,132
Yamla Pagla Deewana 2,147
Yanda Kartavya Aahe,151
Yeh Ballet,117
Yes Man,104
Yes or No,111
Yes or No 2,112
Yes or No 2.5,107
You Carry Me,157
You Changed My Life,116
You Don't Mess with the Zohan,113
You're Everything To Me,107
You're My Boss,117
You've Got This,112
Your Excellency,120
Your Name Engraved Herein,115
Your Son,103
الف مبروك,115
Yucatán,130
Yuva,160
Zack and Miri Make a Porno,101
Zaki Chan,109
Zed Plus,131
Zenda,120
Zero,159
Zindagi Kitni Haseen Hay,126
Zindagi Na Milegi Dobara,154
